{"Theta": 0.1, "Gamma": 0.955, "Avg Score": 13.0183, "Avg Time": 0.000128125, "_timestamp": 1664703371.364623, "_runtime": 2.285583019256592, "_step": 0, "_wandb": {"runtime": 1}}