{"Theta": 0.1, "Gamma": 0.985, "Avg Score": 13.3372, "Avg Time": 0.0001328125, "_timestamp": 1664703700.3685942, "_runtime": 2.1529111862182617, "_step": 0, "_wandb": {"runtime": 1}}