{"Theta": 0.01, "Gamma": 0.975, "Avg Score": 13.3082, "Avg Time": 0.0001484375, "_timestamp": 1664703604.5746489, "_runtime": 2.3676657676696777, "_step": 0, "_wandb": {"runtime": 1}}