{"Theta": 1e-08, "Gamma": 1, "Avg Score": 11.21, "Avg Time": 0.0001609375, "_timestamp": 1664617824.209716, "_runtime": 2.4674999713897705, "_step": 0, "_wandb": {"runtime": 1}}