{"Theta": 0.05, "Gamma": 0.98, "Avg Score": 13.3349, "Avg Time": 0.0001375, "_timestamp": 1664703679.6185572, "_runtime": 2.2651662826538086, "_step": 0, "_wandb": {"runtime": 1}}