{"Theta": 0.1, "Gamma": 0.98, "Avg Score": 13.3349, "Avg Time": 0.000128125, "_timestamp": 1664703647.0645194, "_runtime": 2.181889295578003, "_step": 0, "_wandb": {"runtime": 1}}