{"Theta": 0.001, "Gamma": 0.975, "Avg Score": 11.2138, "Avg Time": 4.84375e-05, "_timestamp": 1664620069.052892, "_runtime": 1.3131768703460693, "_step": 0, "_wandb": {"runtime": 0}}