{"Theta": 0.05, "Gamma": 0.955, "Avg Score": 13.0183, "Avg Time": 0.0001203125, "_timestamp": 1664703245.1931639, "_runtime": 2.4332988262176514, "_step": 0, "_wandb": {"runtime": 1}}