{"Theta": 0.005, "Gamma": 0.995, "Avg Score": 11.21, "Avg Time": 5.625e-05, "_timestamp": 1664620229.2730644, "_runtime": 1.3966593742370605, "_step": 0, "_wandb": {"runtime": 0}}