{"Theta": 1e-07, "Gamma": 1, "Avg Score": 11.21, "Avg Time": 0.0001625, "_timestamp": 1664617812.9056962, "_runtime": 2.506010055541992, "_step": 0, "_wandb": {"runtime": 1}}