{"Theta": 0.005, "Gamma": 0.965, "Avg Score": 13.0701, "Avg Time": 0.0001375, "_timestamp": 1664703529.7280626, "_runtime": 2.2220585346221924, "_step": 0, "_wandb": {"runtime": 1}}