{"Theta": 1e-05, "Gamma": 0.95, "Avg Score": 11.2138, "Avg Time": 0.000171875, "_timestamp": 1664617556.8033934, "_runtime": 2.6202194690704346, "_step": 0, "_wandb": {"runtime": 1}}