{"Theta": 0.001, "Gamma": 0.96, "Avg Score": 13.0183, "Avg Time": 0.0001640625, "_timestamp": 1664703287.9992325, "_runtime": 2.5909016132354736, "_step": 0, "_wandb": {"runtime": 1}}