{"Theta": 0.005, "Gamma": 0.995, "Avg Score": 13.3687, "Avg Time": 0.000165625, "_timestamp": 1664703881.992002, "_runtime": 2.5220351219177246, "_step": 0, "_wandb": {"runtime": 1}}