{"Theta": 0.1, "Gamma": 0.95, "Avg Score": 11.2138, "Avg Time": 0.0001625, "_timestamp": 1664617503.3390405, "_runtime": 2.524447441101074, "_step": 0, "_wandb": {"runtime": 1}}