{"Theta": 0.01, "Gamma": 0.98, "Avg Score": 13.3349, "Avg Time": 0.000146875, "_timestamp": 1664703657.8855317, "_runtime": 2.373100757598877, "_step": 0, "_wandb": {"runtime": 1}}