{"Theta": 0.01, "Gamma": 0.995, "Avg Score": 11.21, "Avg Time": 5.3125e-05, "_timestamp": 1664620186.6015797, "_runtime": 1.3614797592163086, "_step": 0, "_wandb": {"runtime": 0}}