{"Theta": 1e-09, "Gamma": 0.99, "Avg Score": 11.21, "Avg Time": 0.0001640625, "_timestamp": 1664617727.4214802, "_runtime": 2.507209062576294, "_step": 0, "_wandb": {"runtime": 1}}