{"Theta": 0.05, "Gamma": 0.985, "Avg Score": 11.2138, "Avg Time": 5e-05, "_timestamp": 1664620154.6249018, "_runtime": 1.391570806503296, "_step": 0, "_wandb": {"runtime": 0}}