{"Theta": 0.0001, "Gamma": 1, "Avg Score": 11.21, "Avg Time": 0.000165625, "_timestamp": 1664617780.907105, "_runtime": 2.515254020690918, "_step": 0, "_wandb": {"runtime": 1}}