{"Theta": 0.001, "Gamma": 0.995, "Avg Score": 13.3687, "Avg Time": 0.000175, "_timestamp": 1664703859.8832471, "_runtime": 2.5906240940093994, "_step": 0, "_wandb": {"runtime": 1}}