{"Theta": 0.1, "Gamma": 0.96, "Avg Score": 13.0183, "Avg Time": 0.00013125, "_timestamp": 1664703266.4946012, "_runtime": 2.2222273349761963, "_step": 0, "_wandb": {"runtime": 1}}