{"Theta": 0.05, "Gamma": 1, "Avg Score": 13.3687, "Avg Time": 0.0001484375, "_timestamp": 1664703925.2242365, "_runtime": 2.4148736000061035, "_step": 0, "_wandb": {"runtime": 1}}