{"Theta": 0.05, "Gamma": 0.965, "Avg Score": 13.0701, "Avg Time": 0.0001171875, "_timestamp": 1664703518.860577, "_runtime": 2.0381360054016113, "_step": 0, "_wandb": {"runtime": 1}}