{"Theta": 0.0001, "Gamma": 0.9, "Avg Score": 11.1134, "Avg Time": 5.46875e-05, "_timestamp": 1664617415.2256787, "_runtime": 1.3683326244354248, "_step": 0, "_wandb": {"runtime": 0}}