{"Theta": 0.05, "Gamma": 0.97, "Avg Score": 11.2138, "Avg Time": 6.09375e-05, "_timestamp": 1664619083.156095, "_runtime": 1.5201489925384521, "_step": 0, "_wandb": {"runtime": 0}}