{"Theta": 1e-07, "Gamma": 0.95, "Avg Score": 11.2138, "Avg Time": 0.000171875, "_timestamp": 1664617588.9093354, "_runtime": 2.6144683361053467, "_step": 0, "_wandb": {"runtime": 1}}