{"Theta": 0.001, "Gamma": 0.96, "Avg Score": 13.0183, "Avg Time": 0.0001453125, "_timestamp": 1664703455.3086817, "_runtime": 2.46425461769104, "_step": 0, "_wandb": {"runtime": 1}}