{"Theta": 0.05, "Gamma": 0.99, "Avg Score": 13.3372, "Avg Time": 0.0001421875, "_timestamp": 1664703807.0879517, "_runtime": 2.309358596801758, "_step": 0, "_wandb": {"runtime": 1}}