{"Theta": 1e-06, "Gamma": 1, "Avg Score": 11.21, "Avg Time": 0.0001640625, "_timestamp": 1664617802.2363055, "_runtime": 2.4712114334106445, "_step": 0, "_wandb": {"runtime": 1}}