{"Theta": 1e-08, "Gamma": 0.9, "Avg Score": 11.1134, "Avg Time": 0.000165625, "_timestamp": 1664617460.7865133, "_runtime": 2.5435984134674072, "_step": 0, "_wandb": {"runtime": 1}}