{"Theta": 0.01, "Gamma": 0.99, "Avg Score": 11.21, "Avg Time": 5.46875e-05, "_timestamp": 1664619179.434912, "_runtime": 1.3964040279388428, "_step": 0, "_wandb": {"runtime": 0}}