{"Theta": 0.01, "Gamma": 0.9, "Avg Score": 11.1134, "Avg Time": 5e-05, "_timestamp": 1664617393.9087734, "_runtime": 1.3759875297546387, "_step": 0, "_wandb": {"runtime": 0}}