{"Theta": 1e-06, "Gamma": 0.99, "Avg Score": 11.21, "Avg Time": 0.0001640625, "_timestamp": 1664617695.3309183, "_runtime": 2.491075277328491, "_step": 0, "_wandb": {"runtime": 1}}