{"Theta": 0.1, "Gamma": 0.955, "Avg Score": 13.0183, "Avg Time": 0.0001234375, "_timestamp": 1664703203.6940703, "_runtime": 2.1143712997436523, "_step": 0, "_wandb": {"runtime": 1}}