{"Theta": 0.1, "Gamma": 0.98, "Avg Score": 11.2138, "Avg Time": 5.625e-05, "_timestamp": 1664619104.420411, "_runtime": 1.554063081741333, "_step": 0, "_wandb": {"runtime": 0}}