{"Theta": 0.1, "Gamma": 0.97, "Avg Score": 13.1981, "Avg Time": 0.000128125, "_timestamp": 1664703540.3887749, "_runtime": 2.2460949420928955, "_step": 0, "_wandb": {"runtime": 1}}