{"Theta": 0.01, "Gamma": 0.97, "Avg Score": 13.1981, "Avg Time": 0.0001296875, "_timestamp": 1664703551.0268314, "_runtime": 2.207233428955078, "_step": 0, "_wandb": {"runtime": 1}}