{"Theta": 1e-05, "Gamma": 1, "Avg Score": 11.21, "Avg Time": 0.0001625, "_timestamp": 1664617791.5495465, "_runtime": 2.484187364578247, "_step": 0, "_wandb": {"runtime": 1}}