{"Theta": 0.05, "Gamma": 0.99, "Avg Score": 11.21, "Avg Time": 5.46875e-05, "_timestamp": 1664619211.4271424, "_runtime": 1.4245123863220215, "_step": 0, "_wandb": {"runtime": 0}}