{"Theta": 0.05, "Gamma": 0.97, "Avg Score": 13.1981, "Avg Time": 0.0001234375, "_timestamp": 1664703572.4234767, "_runtime": 2.1948416233062744, "_step": 0, "_wandb": {"runtime": 1}}