{"Theta": 0.1, "Gamma": 0.975, "Avg Score": 13.3003, "Avg Time": 0.0001328125, "_timestamp": 1664703593.707714, "_runtime": 2.1784250736236572, "_step": 0, "_wandb": {"runtime": 1}}