{"Theta": 1e-10, "Gamma": 0.9, "Avg Score": 11.1134, "Avg Time": 0.0001640625, "_timestamp": 1664617491.8127754, "_runtime": 2.567976474761963, "_step": 0, "_wandb": {"runtime": 1}}