{"Theta": 0.2, "Gamma": 0.975, "Avg Score": 11.2138, "Avg Time": 5.3125e-05, "_timestamp": 1664620079.7814898, "_runtime": 1.3649768829345703, "_step": 0, "_wandb": {"runtime": 0}}