{"Theta": 0.01, "Gamma": 0.98, "Avg Score": 11.2138, "Avg Time": 5.46875e-05, "_timestamp": 1664619115.0492048, "_runtime": 1.4684579372406006, "_step": 0, "_wandb": {"runtime": 0}}