{"Theta": 0.05, "Gamma": 0.975, "Avg Score": 11.2138, "Avg Time": 5.625e-05, "_timestamp": 1664620090.5111635, "_runtime": 1.3831074237823486, "_step": 0, "_wandb": {"runtime": 0}}