{"Theta": 0.01, "Gamma": 0.955, "Avg Score": 13.0183, "Avg Time": 0.0001453125, "_timestamp": 1664703223.25216, "_runtime": 2.413494110107422, "_step": 0, "_wandb": {"runtime": 1}}