{"Theta": 0.001, "Gamma": 0.98, "Avg Score": 11.2138, "Avg Time": 5.625e-05, "_timestamp": 1664619126.412517, "_runtime": 1.423659086227417, "_step": 0, "_wandb": {"runtime": 0}}