{"Theta": 0.005, "Gamma": 0.985, "Avg Score": 11.2138, "Avg Time": 5e-05, "_timestamp": 1664620165.2390838, "_runtime": 1.348069667816162, "_step": 0, "_wandb": {"runtime": 0}}