{"Theta": 0.1, "Gamma": 0.975, "Avg Score": 11.2138, "Avg Time": 5.15625e-05, "_timestamp": 1664620048.8945084, "_runtime": 1.3792343139648438, "_step": 0, "_wandb": {"runtime": 0}}