{"Theta": 1e-09, "Gamma": 0.9, "Avg Score": 11.1134, "Avg Time": 0.0001703125, "_timestamp": 1664617471.5068042, "_runtime": 2.6027231216430664, "_step": 0, "_wandb": {"runtime": 1}}