{"Theta": 0.1, "Gamma": 1, "Avg Score": 11.21, "Avg Time": 0.000159375, "_timestamp": 1664617748.7497478, "_runtime": 2.466860771179199, "_step": 0, "_wandb": {"runtime": 1}}