{"Theta": 0.01, "Gamma": 0.955, "Avg Score": 13.0183, "Avg Time": 0.00013125, "_timestamp": 1664703390.830384, "_runtime": 2.2579290866851807, "_step": 0, "_wandb": {"runtime": 1}}