{"Theta": 0.1, "Gamma": 0.99, "Avg Score": 11.21, "Avg Time": 0.0001625, "_timestamp": 1664617642.0631895, "_runtime": 2.5682215690612793, "_step": 0, "_wandb": {"runtime": 1}}