{"Theta": 0.1, "Gamma": 0.985, "Avg Score": 11.2138, "Avg Time": 5e-05, "_timestamp": 1664620111.8318236, "_runtime": 1.3771235942840576, "_step": 0, "_wandb": {"runtime": 0}}