{"Theta": 0.005, "Gamma": 0.96, "Avg Score": 13.0183, "Avg Time": 0.0001296875, "_timestamp": 1664703476.385256, "_runtime": 2.228537082672119, "_step": 0, "_wandb": {"runtime": 1}}