{"Theta": 0.01, "Gamma": 0.975, "Avg Score": 11.2138, "Avg Time": 5.15625e-05, "_timestamp": 1664620058.4457898, "_runtime": 1.3592948913574219, "_step": 0, "_wandb": {"runtime": 0}}