{"Theta": 1e-05, "Gamma": 0.9, "Avg Score": 11.1134, "Avg Time": 6.25e-05, "_timestamp": 1664617426.0002272, "_runtime": 1.4781522750854492, "_step": 0, "_wandb": {"runtime": 0}}