{"Theta": 0.001, "Gamma": 1, "Avg Score": 11.21, "Avg Time": 0.0001625, "_timestamp": 1664617770.0453398, "_runtime": 2.4559638500213623, "_step": 0, "_wandb": {"runtime": 1}}