{"Theta": 0.01, "Gamma": 0.97, "Avg Score": 11.2138, "Avg Time": 5.78125e-05, "_timestamp": 1664619050.3595865, "_runtime": 1.41282057762146, "_step": 0, "_wandb": {"runtime": 0}}