{"Theta": 0.1, "Gamma": 0.99, "Avg Score": 11.21, "Avg Time": 5.625e-05, "_timestamp": 1664619168.7750573, "_runtime": 1.4048972129821777, "_step": 0, "_wandb": {"runtime": 0}}