{"Theta": 0.0001, "Gamma": 0.99, "Avg Score": 11.21, "Avg Time": 0.0001609375, "_timestamp": 1664617673.9876068, "_runtime": 2.4706246852874756, "_step": 0, "_wandb": {"runtime": 1}}