{"Theta": 0.01, "Gamma": 1, "Avg Score": 13.3677, "Avg Time": 0.0001578125, "_timestamp": 1664703903.2574596, "_runtime": 2.4153575897216797, "_step": 0, "_wandb": {"runtime": 1}}