{"Theta": 0.1, "Gamma": 0.99, "Avg Score": 13.3372, "Avg Time": 0.0001421875, "_timestamp": 1664703774.3088214, "_runtime": 2.2461965084075928, "_step": 0, "_wandb": {"runtime": 1}}