{"Theta": 0.001, "Gamma": 0.99, "Avg Score": 13.3372, "Avg Time": 0.000165625, "_timestamp": 1664703796.6227283, "_runtime": 2.5307793617248535, "_step": 0, "_wandb": {"runtime": 1}}