{"Theta": 0.005, "Gamma": 0.99, "Avg Score": 13.3372, "Avg Time": 0.0001671875, "_timestamp": 1664703818.0276065, "_runtime": 2.583604574203491, "_step": 0, "_wandb": {"runtime": 1}}