{"Theta": 0.1, "Gamma": 0.965, "Avg Score": 13.0701, "Avg Time": 0.0001171875, "_timestamp": 1664703486.8914747, "_runtime": 2.0553836822509766, "_step": 0, "_wandb": {"runtime": 1}}