{"Theta": 0.005, "Gamma": 0.98, "Avg Score": 11.2138, "Avg Time": 5.78125e-05, "_timestamp": 1664619158.0969956, "_runtime": 1.399946689605713, "_step": 0, "_wandb": {"runtime": 0}}