{"Theta": 1e-10, "Gamma": 1, "Avg Score": 11.21, "Avg Time": 0.0001609375, "_timestamp": 1664617845.5685134, "_runtime": 2.4827263355255127, "_step": 0, "_wandb": {"runtime": 1}}