{"Theta": 0.001, "Gamma": 0.98, "Avg Score": 13.3349, "Avg Time": 0.000171875, "_timestamp": 1664703668.754889, "_runtime": 2.616619110107422, "_step": 0, "_wandb": {"runtime": 1}}