{"Theta": 0.01, "Gamma": 0.985, "Avg Score": 13.3372, "Avg Time": 0.0001546875, "_timestamp": 1664703711.3186421, "_runtime": 2.3944292068481445, "_step": 0, "_wandb": {"runtime": 1}}