{"Theta": 0.005, "Gamma": 0.97, "Avg Score": 11.2138, "Avg Time": 6.09375e-05, "_timestamp": 1664619093.6649873, "_runtime": 1.437265396118164, "_step": 0, "_wandb": {"runtime": 0}}