{"Theta": 0.01, "Gamma": 0.965, "Avg Score": 13.0701, "Avg Time": 0.000128125, "_timestamp": 1664703497.7524672, "_runtime": 2.203310251235962, "_step": 0, "_wandb": {"runtime": 1}}