{"Theta": 0.001, "Gamma": 0.955, "Avg Score": 13.0183, "Avg Time": 0.000146875, "_timestamp": 1664703401.9152362, "_runtime": 2.527456283569336, "_step": 0, "_wandb": {"runtime": 1}}