{"Theta": 1e-07, "Gamma": 0.9, "Avg Score": 11.1134, "Avg Time": 0.000175, "_timestamp": 1664617448.9150136, "_runtime": 2.5961825847625732, "_step": 0, "_wandb": {"runtime": 1}}