{"Theta": 0.1, "Gamma": 1, "Avg Score": 13.3687, "Avg Time": 0.0001390625, "_timestamp": 1664703892.7166831, "_runtime": 2.566397190093994, "_step": 0, "_wandb": {"runtime": 1}}