{"Theta": 0.001, "Gamma": 0.985, "Avg Score": 11.2138, "Avg Time": 5.3125e-05, "_timestamp": 1664620133.2696264, "_runtime": 1.3773753643035889, "_step": 0, "_wandb": {"runtime": 0}}