{"Theta": 0.1, "Gamma": 0.9, "Avg Score": 11.1134, "Avg Time": 5.3125e-05, "_timestamp": 1664617384.518956, "_runtime": 1.5180678367614746, "_step": 0, "_wandb": {"runtime": 0}}