{"Theta": 0.001, "Gamma": 0.995, "Avg Score": 11.21, "Avg Time": 5.625e-05, "_timestamp": 1664620197.3148463, "_runtime": 1.3906803131103516, "_step": 0, "_wandb": {"runtime": 0}}