{"Theta": 0.001, "Gamma": 0.955, "Avg Score": 13.0183, "Avg Time": 0.000140625, "_timestamp": 1664703234.6008701, "_runtime": 2.331278085708618, "_step": 0, "_wandb": {"runtime": 1}}