{"Theta": 0.1, "Gamma": 0.97, "Avg Score": 11.2138, "Avg Time": 6.5625e-05, "_timestamp": 1664619032.1060386, "_runtime": 1.5454344749450684, "_step": 0, "_wandb": {"runtime": 0}}