{"Theta": 0.05, "Gamma": 0.96, "Avg Score": 13.0183, "Avg Time": 0.000125, "_timestamp": 1664703298.2614431, "_runtime": 2.199799060821533, "_step": 0, "_wandb": {"runtime": 1}}