{"Theta": 0.005, "Gamma": 0.975, "Avg Score": 11.2138, "Avg Time": 5.46875e-05, "_timestamp": 1664620101.1946073, "_runtime": 1.3969101905822754, "_step": 0, "_wandb": {"runtime": 0}}