{"Theta": 0.005, "Gamma": 0.97, "Avg Score": 13.1981, "Avg Time": 0.000134375, "_timestamp": 1664703583.1127431, "_runtime": 2.212280035018921, "_step": 0, "_wandb": {"runtime": 1}}