{"Theta": 0.001, "Gamma": 0.975, "Avg Score": 13.3082, "Avg Time": 0.0001609375, "_timestamp": 1664703615.4839053, "_runtime": 2.513888359069824, "_step": 0, "_wandb": {"runtime": 1}}