{"Theta": 0.01, "Gamma": 0.99, "Avg Score": 11.21, "Avg Time": 0.0001640625, "_timestamp": 1664617652.6602187, "_runtime": 2.4928297996520996, "_step": 0, "_wandb": {"runtime": 1}}