{"Theta": 0.001, "Gamma": 0.9, "Avg Score": 11.1134, "Avg Time": 5e-05, "_timestamp": 1664617404.6179953, "_runtime": 1.4271302223205566, "_step": 0, "_wandb": {"runtime": 0}}