{"Theta": 1e-09, "Gamma": 1, "Avg Score": 11.21, "Avg Time": 0.0001625, "_timestamp": 1664617834.8498037, "_runtime": 2.4546117782592773, "_step": 0, "_wandb": {"runtime": 1}}