{"Theta": 0.005, "Gamma": 0.96, "Avg Score": 13.0183, "Avg Time": 0.0001328125, "_timestamp": 1664703308.9815373, "_runtime": 2.2212793827056885, "_step": 0, "_wandb": {"runtime": 1}}