{"Theta": 0.01, "Gamma": 0.965, "Avg Score": 13.0701, "Avg Time": 0.0001375, "_timestamp": 1664703330.6788037, "_runtime": 2.375539779663086, "_step": 0, "_wandb": {"runtime": 1}}