{"Theta": 0.01, "Gamma": 0.99, "Avg Score": 13.3372, "Avg Time": 0.000153125, "_timestamp": 1664703785.7633247, "_runtime": 2.364985704421997, "_step": 0, "_wandb": {"runtime": 1}}