{"Theta": 0.01, "Gamma": 0.95, "Avg Score": 11.2138, "Avg Time": 0.0001671875, "_timestamp": 1664617523.8600914, "_runtime": 2.524592399597168, "_step": 0, "_wandb": {"runtime": 1}}