{"Theta": 0.005, "Gamma": 0.955, "Avg Score": 13.0183, "Avg Time": 0.0001265625, "_timestamp": 1664703255.8682475, "_runtime": 2.223287582397461, "_step": 0, "_wandb": {"runtime": 1}}