{"Theta": 0.05, "Gamma": 0.955, "Avg Score": 13.0183, "Avg Time": 0.000134375, "_timestamp": 1664703412.5155745, "_runtime": 2.2790944576263428, "_step": 0, "_wandb": {"runtime": 1}}