{"Theta": 0.001, "Gamma": 1, "Avg Score": 13.3677, "Avg Time": 0.0001859375, "_timestamp": 1664703914.3664482, "_runtime": 2.859443187713623, "_step": 0, "_wandb": {"runtime": 2}}