{"Theta": 0.1, "Gamma": 0.96, "Avg Score": 13.0183, "Avg Time": 0.0001125, "_timestamp": 1664703433.4224336, "_runtime": 2.0656707286834717, "_step": 0, "_wandb": {"runtime": 1}}