{"Theta": 0.2, "Gamma": 0.995, "Avg Score": 11.21, "Avg Time": 5.3125e-05, "_timestamp": 1664620207.9338481, "_runtime": 1.3609981536865234, "_step": 0, "_wandb": {"runtime": 0}}