{"Theta": 0.001, "Gamma": 0.97, "Avg Score": 11.2138, "Avg Time": 6.09375e-05, "_timestamp": 1664619061.748499, "_runtime": 1.428083896636963, "_step": 0, "_wandb": {"runtime": 0}}