{"Theta": 1e-05, "Gamma": 0.99, "Avg Score": 11.21, "Avg Time": 0.0001625, "_timestamp": 1664617684.6670377, "_runtime": 2.4930198192596436, "_step": 0, "_wandb": {"runtime": 1}}