{"Theta": 0.01, "Gamma": 0.995, "Avg Score": 13.3687, "Avg Time": 0.0002046875, "_timestamp": 1664703839.9898553, "_runtime": 3.1056032180786133, "_step": 0, "_wandb": {"runtime": 2}}