{"Theta": 0.01, "Gamma": 0.96, "Avg Score": 13.0183, "Avg Time": 0.00013125, "_timestamp": 1664703444.3918185, "_runtime": 2.1888885498046875, "_step": 0, "_wandb": {"runtime": 1}}