{"Theta": 0.05, "Gamma": 0.98, "Avg Score": 11.2138, "Avg Time": 5.46875e-05, "_timestamp": 1664619147.752841, "_runtime": 1.481015920639038, "_step": 0, "_wandb": {"runtime": 0}}