{"Theta": 0.05, "Gamma": 0.995, "Avg Score": 11.21, "Avg Time": 5.15625e-05, "_timestamp": 1664620218.599913, "_runtime": 1.3520338535308838, "_step": 0, "_wandb": {"runtime": 0}}