{"Theta": 0.001, "Gamma": 0.99, "Avg Score": 11.21, "Avg Time": 6.25e-05, "_timestamp": 1664619190.188356, "_runtime": 1.4887099266052246, "_step": 0, "_wandb": {"runtime": 0}}