{"Theta": 0.01, "Gamma": 1, "Avg Score": 11.21, "Avg Time": 0.000171875, "_timestamp": 1664617759.5458472, "_runtime": 2.6128532886505127, "_step": 0, "_wandb": {"runtime": 1}}