{"Theta": 0.005, "Gamma": 0.99, "Avg Score": 11.21, "Avg Time": 5.625e-05, "_timestamp": 1664619222.12893, "_runtime": 1.4257872104644775, "_step": 0, "_wandb": {"runtime": 0}}