{"Theta": 0.05, "Gamma": 0.975, "Avg Score": 13.3003, "Avg Time": 0.000134375, "_timestamp": 1664703625.747595, "_runtime": 2.2097220420837402, "_step": 0, "_wandb": {"runtime": 1}}