{"Theta": 0.001, "Gamma": 0.97, "Avg Score": 13.1981, "Avg Time": 0.0001453125, "_timestamp": 1664703561.8197381, "_runtime": 2.325043201446533, "_step": 0, "_wandb": {"runtime": 1}}