{"Theta": 0.001, "Gamma": 0.965, "Avg Score": 13.0701, "Avg Time": 0.00015, "_timestamp": 1664703508.6869545, "_runtime": 2.500373601913452, "_step": 0, "_wandb": {"runtime": 1}}