{"Theta": 1e-10, "Gamma": 0.95, "Avg Score": 11.2138, "Avg Time": 0.0001625, "_timestamp": 1664617631.291093, "_runtime": 2.4703190326690674, "_step": 0, "_wandb": {"runtime": 1}}