{"Theta": 1e-08, "Gamma": 0.95, "Avg Score": 11.2138, "Avg Time": 0.0001734375, "_timestamp": 1664617609.228581, "_runtime": 2.600285053253174, "_step": 0, "_wandb": {"runtime": 1}}