{"Theta": 0.005, "Gamma": 0.975, "Avg Score": 13.3082, "Avg Time": 0.000153125, "_timestamp": 1664703636.63937, "_runtime": 2.445467948913574, "_step": 0, "_wandb": {"runtime": 1}}