{"Theta": 0.005, "Gamma": 1, "Avg Score": 13.3677, "Avg Time": 0.000175, "_timestamp": 1664703935.7589583, "_runtime": 2.7094552516937256, "_step": 0, "_wandb": {"runtime": 1}}