{"Theta": 1e-09, "Gamma": 0.95, "Avg Score": 11.2138, "Avg Time": 0.0001625, "_timestamp": 1664617620.6868494, "_runtime": 2.536163330078125, "_step": 0, "_wandb": {"runtime": 1}}