{"Theta": 1e-06, "Gamma": 0.95, "Avg Score": 11.2138, "Avg Time": 0.0001671875, "_timestamp": 1664617577.0639915, "_runtime": 2.5156824588775635, "_step": 0, "_wandb": {"runtime": 1}}