{"Theta": 0.2, "Gamma": 0.97, "Avg Score": 11.2138, "Avg Time": 6.09375e-05, "_timestamp": 1664619072.8834815, "_runtime": 1.9082224369049072, "_step": 0, "_wandb": {"runtime": 0}}