{"Theta": 1e-08, "Gamma": 0.99, "Avg Score": 11.21, "Avg Time": 0.0001609375, "_timestamp": 1664617716.722661, "_runtime": 2.4805800914764404, "_step": 0, "_wandb": {"runtime": 1}}