{"Theta": 0.001, "Gamma": 0.985, "Avg Score": 13.3372, "Avg Time": 0.000175, "_timestamp": 1664703722.3825145, "_runtime": 2.6332805156707764, "_step": 0, "_wandb": {"runtime": 1}}