{"Theta": 1e-07, "Gamma": 0.99, "Avg Score": 11.21, "Avg Time": 0.0001640625, "_timestamp": 1664617706.0285976, "_runtime": 2.474379539489746, "_step": 0, "_wandb": {"runtime": 1}}