{"Theta": 0.2, "Gamma": 0.985, "Avg Score": 11.2138, "Avg Time": 5e-05, "_timestamp": 1664620144.3594353, "_runtime": 1.7749114036560059, "_step": 0, "_wandb": {"runtime": 0}}