{"Theta": 0.01, "Gamma": 0.985, "Avg Score": 11.2138, "Avg Time": 5e-05, "_timestamp": 1664620122.5819414, "_runtime": 1.3581953048706055, "_step": 0, "_wandb": {"runtime": 0}}