{"Theta": 0.001, "Gamma": 0.99, "Avg Score": 11.21, "Avg Time": 0.0001640625, "_timestamp": 1664617663.3724542, "_runtime": 2.5693342685699463, "_step": 0, "_wandb": {"runtime": 1}}