{"Theta": 0.005, "Gamma": 0.985, "Avg Score": 13.3372, "Avg Time": 0.000175, "_timestamp": 1664703754.366549, "_runtime": 2.706212043762207, "_step": 0, "_wandb": {"runtime": 1}}