{"Theta": 0.005, "Gamma": 0.98, "Avg Score": 13.3349, "Avg Time": 0.000159375, "_timestamp": 1664703690.0900087, "_runtime": 2.462092638015747, "_step": 0, "_wandb": {"runtime": 1}}