{"Theta": 0.1, "Gamma": 0.965, "Avg Score": 13.0701, "Avg Time": 0.0001359375, "_timestamp": 1664703319.9446402, "_runtime": 2.314657211303711, "_step": 0, "_wandb": {"runtime": 1}}