{"Theta": 1e-10, "Gamma": 0.99, "Avg Score": 11.21, "Avg Time": 0.000165625, "_timestamp": 1664617738.0854445, "_runtime": 2.473663568496704, "_step": 0, "_wandb": {"runtime": 1}}