{"Theta": 0.005, "Gamma": 0.955, "Avg Score": 13.0183, "Avg Time": 0.00013125, "_timestamp": 1664703422.857272, "_runtime": 2.1489038467407227, "_step": 0, "_wandb": {"runtime": 1}}