{"Theta": 0.1, "Gamma": 0.995, "Avg Score": 13.3687, "Avg Time": 0.000140625, "_timestamp": 1664703828.3474102, "_runtime": 2.2525153160095215, "_step": 0, "_wandb": {"runtime": 1}}