{"Theta": 1e-06, "Gamma": 0.9, "Avg Score": 11.1134, "Avg Time": 0.0001375, "_timestamp": 1664617437.3837793, "_runtime": 2.1918272972106934, "_step": 0, "_wandb": {"runtime": 1}}