{"Theta": 0.01, "Gamma": 0.96, "Avg Score": 13.0183, "Avg Time": 0.000134375, "_timestamp": 1664703276.9338508, "_runtime": 2.236384868621826, "_step": 0, "_wandb": {"runtime": 1}}