{"Theta": 0.2, "Gamma": 0.99, "Avg Score": 11.21, "Avg Time": 5e-05, "_timestamp": 1664619200.8164372, "_runtime": 1.432976245880127, "_step": 0, "_wandb": {"runtime": 0}}