{"Theta": 0.2, "Gamma": 0.98, "Avg Score": 11.2138, "Avg Time": 5.625e-05, "_timestamp": 1664619136.9099004, "_runtime": 1.4771075248718262, "_step": 0, "_wandb": {"runtime": 0}}