{"Theta": 0.0001, "Gamma": 0.95, "Avg Score": 11.2138, "Avg Time": 0.000165625, "_timestamp": 1664617546.0281236, "_runtime": 2.5026676654815674, "_step": 0, "_wandb": {"runtime": 1}}