{"Theta": 0.1, "Gamma": 0.995, "Avg Score": 11.21, "Avg Time": 5.15625e-05, "_timestamp": 1664620175.9549913, "_runtime": 1.3502023220062256, "_step": 0, "_wandb": {"runtime": 0}}