{"Theta": 0.001, "Gamma": 0.95, "Avg Score": 11.2138, "Avg Time": 0.0001671875, "_timestamp": 1664617535.3051045, "_runtime": 2.519038438796997, "_step": 0, "_wandb": {"runtime": 1}}