{"Theta": 0.05, "Gamma": 0.96, "Avg Score": 13.0183, "Avg Time": 0.0001171875, "_timestamp": 1664703465.6106093, "_runtime": 2.0944724082946777, "_step": 0, "_wandb": {"runtime": 1}}