{"Theta": 0.05, "Gamma": 0.995, "Avg Score": 13.3687, "Avg Time": 0.0001515625, "_timestamp": 1664703871.1799603, "_runtime": 2.3800723552703857, "_step": 0, "_wandb": {"runtime": 1}}