{"Theta": 0.05, "Gamma": 0.985, "Avg Score": 13.3372, "Avg Time": 0.0001453125, "_timestamp": 1664703742.4623253, "_runtime": 2.418750286102295, "_step": 0, "_wandb": {"runtime": 1}}